{
    "name": "CoC-Starter-EN",
    "title": "Call of Cthulhu - Starter Set",
    "description": "<p>Starter Set contains 4 scenario (one single player adventure which is an introduction to the game as well as 3 full scenarios.</p>",
    "version": "0.1",
    "compatibility": {
        "minimum": "10",
        "verified": "10"
      },
    "minimumCoreVersion": "10.0",
    "compatibleCoreVersion": "10.99",
    "authors": [
        {
        "name": "Ariel Sawicki",
        "discord": "Ikeo#8888"
        },
        { 
        "name": "Az"
        }
        ],
    "styles": [
        "fonts/coc_fonts.css",
        "css/journal_style.css"
        ],
    "packs": [
	{
        "label": "starter-set-paper-chase",
        "entity": "Scene",
        "name": "monsters-traditional",
        "path": "packs/starter-set-paper-chase.db",
        "system": "CoC7",
        "package": "world"	
	},
	{
        "label": "starter-set-pregen",
        "entity": "Actor",
        "name": "monsters-traditional",
        "path": "packs/starter-set-pregen.db",
        "system": "CoC7",
        "package": "world"	
	},
	{
        "label": "edge-of-darkness-adventure",
        "entity": "Adventure",
        "name": "edge-of-darkness",
        "path": "packs/edge-of-darkness-adventure.db",
        "system": "CoC7",
        "package": "world"	
	}

	
    ],
    "relationships": {
        "systems": [{
          "id": "CoC7",
          "type": "system",
          "manifest": "https://github.com/Miskatonic-Investigative-Society/CoC7-FoundryVTT/releases/latest/download/system.json",
          "compatibility": {
            "verified": "0.9.1"
          }
        }],
        "requires": [{
          "id": "monks-active-tiles",
          "type": "module",
          "manifest": "https://github.com/ironmonk88/monks-active-tiles/releases/latest/download/module.json",
          "compatibility": {
            "verified": "10.2"
          }
        }]
      },
    "url": "",
    "manifest": "",
    "download": ""
  }