{
  "id": "CoC-Starter-EN",
  "version": "0.4",
  "title": "Call of Cthulhu - Starter Set",
  "description": "Starter Set contains 4 scenario (one single player adventure which is an introduction to the game as well as 3 full scenarios.",
  "compatibility": {
    "minimum": "10",
    "verified": "10",
    "maximum": "10"
  },
  "manifest": "https://raw.githubusercontent.com/IkeoMajesty/EoD/main/CoC-Starter-EN/module.json",
  "download": "https://raw.githubusercontent.com/IkeoMajesty/EoD/main/CoC-Starter-EN/CoC-Starter-EN-0.4.zip",
  "authors": [
    {
      "name": "Ariel Sawicki",
      "discord": "Ikeo#8888"
    },
    {
      "name": "Az"
    }
  ],
  "styles": [
    "fonts/coc_fonts.css",
    "css/journal_style.css"
    ],
  "packs": [
    {
      "name": "edge-of-darkness",
      "label": "edge-of-darkness-adventure",
      "path": "packs/edge-of-darkness-adventure.db",
      "type": "Adventure"
    }
  ],
  "relationships": {
    "systems": [
      {
        "id": "CoC7",
        "compatibility": {
          "minimum": "0.9.1"
        }
      }
    ],
    "requires": [{
      "id": "monks-active-tiles",
      "type": "module",
      "compatibility": {
        "verified": "10.2"
      }
    }]
  }
}
